No,Direction,Object,Quality Of The Object Placement,Recommendation,Scale,Additional Tips
1,East,Stove,Good,This is the recommended direction for the object. No action required from your side,1,"Ideally, while cooking and using your stove, you should be able to see the door. The sink and stove should never face each other because they represent conflicting elements: water for the sink and fire for the stove. If these two items are positioned opposite each other, you can mitigate any negativity by placing an island between them or choosing to place a green rug between the sink and the stove."
2,South-East,Stove,Good,This is the recommended direction for the object. No action required from your side,1,"Ideally, while cooking and using your stove, you should be able to see the door. The sink and stove should never face each other because they represent conflicting elements: water for the sink and fire for the stove. If these two items are positioned opposite each other, you can mitigate any negativity by placing an island between them or choosing to place a green rug between the sink and the stove."
3,North,Stove,Bad,Recommended to position the stove in this direction - East/South-East,0,"Ideally, while cooking and using your stove, you should be able to see the door. The sink and stove should never face each other because they represent conflicting elements: water for the sink and fire for the stove. If these two items are positioned opposite each other, you can mitigate any negativity by placing an island between them or choosing to place a green rug between the sink and the stove."
4,South-East,Stove,Bad,Recommended to position the stove in this direction - East/South-East,0,"Ideally, while cooking and using your stove, you should be able to see the door. The sink and stove should never face each other because they represent conflicting elements: water for the sink and fire for the stove. If these two items are positioned opposite each other, you can mitigate any negativity by placing an island between them or choosing to place a green rug between the sink and the stove."
5,West,Stove,Bad,Recommended to position the stove in this direction - East/South-East,0,"Ideally, while cooking and using your stove, you should be able to see the door. The sink and stove should never face each other because they represent conflicting elements: water for the sink and fire for the stove. If these two items are positioned opposite each other, you can mitigate any negativity by placing an island between them or choosing to place a green rug between the sink and the stove."
6,North-East,Stove,Bad,Recommended to position the stove in this direction - East/South-East,0,"Ideally, while cooking and using your stove, you should be able to see the door. The sink and stove should never face each other because they represent conflicting elements: water for the sink and fire for the stove. If these two items are positioned opposite each other, you can mitigate any negativity by placing an island between them or choosing to place a green rug between the sink and the stove."
7,North-West,Stove,Bad,Recommended to position the stove in this direction - East/South-East,0,"Ideally, while cooking and using your stove, you should be able to see the door. The sink and stove should never face each other because they represent conflicting elements: water for the sink and fire for the stove. If these two items are positioned opposite each other, you can mitigate any negativity by placing an island between them or choosing to place a green rug between the sink and the stove."
8,South-West,Stove,Bad,Recommended to position the stove in this direction - East/South-East,0,"Ideally, while cooking and using your stove, you should be able to see the door. The sink and stove should never face each other because they represent conflicting elements: water for the sink and fire for the stove. If these two items are positioned opposite each other, you can mitigate any negativity by placing an island between them or choosing to place a green rug between the sink and the stove."
9,South-East,Aqaurium,Good,This is the recommended direction for the object. No action required from your side,1,"Avoid Certain Locations: Avoid placing an aquarium in the kitchen, bedroom, bathroom, or the center of the home. These areas are considered inauspicious for an aquarium due to the conflicting elements of fire, water, and earth"
10,North-West,Aqaurium,Good,This is the recommended direction for the object. No action required from your side,1,"Avoid Certain Locations: Avoid placing an aquarium in the kitchen, bedroom, bathroom, or the center of the home. These areas are considered inauspicious for an aquarium due to the conflicting elements of fire, water, and earth"
11,North,Aqaurium,Bad,Recommend to position the aquarium facing - South-East or North-West,0,"Avoid Certain Locations: Avoid placing an aquarium in the kitchen, bedroom, bathroom, or the center of the home. These areas are considered inauspicious for an aquarium due to the conflicting elements of fire, water, and earth"
12,South,Aqaurium,Bad,Recommend to position the aquarium facing - South-East or North-West,0,"Avoid Certain Locations: Avoid placing an aquarium in the kitchen, bedroom, bathroom, or the center of the home. These areas are considered inauspicious for an aquarium due to the conflicting elements of fire, water, and earth"
13,East,Aqaurium,Bad,Recommend to position the aquarium facing - South-East or North-West,0,"Avoid Certain Locations: Avoid placing an aquarium in the kitchen, bedroom, bathroom, or the center of the home. These areas are considered inauspicious for an aquarium due to the conflicting elements of fire, water, and earth"
14,West,Aqaurium,Bad,Recommend to position the aquarium facing - South-East or North-West,0,"Avoid Certain Locations: Avoid placing an aquarium in the kitchen, bedroom, bathroom, or the center of the home. These areas are considered inauspicious for an aquarium due to the conflicting elements of fire, water, and earth"
15,North-East,Aqaurium,Bad,Recommend to position the aquarium facing - South-East or North-West,0,"Avoid Certain Locations: Avoid placing an aquarium in the kitchen, bedroom, bathroom, or the center of the home. These areas are considered inauspicious for an aquarium due to the conflicting elements of fire, water, and earth"
16,South-West,Aqaurium,Bad,Recommend to position the aquarium facing - South-East or North-West,0,"Avoid Certain Locations: Avoid placing an aquarium in the kitchen, bedroom, bathroom, or the center of the home. These areas are considered inauspicious for an aquarium due to the conflicting elements of fire, water, and earth"
17,South,Bed Headroom,Good,This is the recommended direction for the object. No action required from your side,1,"Ensure there is a solid wall behind your headboard to provide support for the bed and maintain stable energy flow around it. For a commanding position, place your bed where you can see the bedroom door without being directly in line with it. This arrangement is believed to foster good Feng Shui, offering a sense of security and clear visibility."
18,South-East,Bed Headroom,Bad,Recommend to position the bed headroom facing - South,0,"Ensure there is a solid wall behind your headboard to provide support for the bed and maintain stable energy flow around it. For a commanding position, place your bed where you can see the bedroom door without being directly in line with it. This arrangement is believed to foster good Feng Shui, offering a sense of security and clear visibility."
19,North-West,Bed Headroom,Bad,Recommend to position the bed headroom facing - South,0,"Ensure there is a solid wall behind your headboard to provide support for the bed and maintain stable energy flow around it. For a commanding position, place your bed where you can see the bedroom door without being directly in line with it. This arrangement is believed to foster good Feng Shui, offering a sense of security and clear visibility."
20,North,Bed Headroom,Bad,Recommend to position the bed headroom facing - South,0,"Ensure there is a solid wall behind your headboard to provide support for the bed and maintain stable energy flow around it. For a commanding position, place your bed where you can see the bedroom door without being directly in line with it. This arrangement is believed to foster good Feng Shui, offering a sense of security and clear visibility."
21,East,Bed Headroom,Bad,Recommend to position the bed headroom facing - South,0,"Ensure there is a solid wall behind your headboard to provide support for the bed and maintain stable energy flow around it. For a commanding position, place your bed where you can see the bedroom door without being directly in line with it. This arrangement is believed to foster good Feng Shui, offering a sense of security and clear visibility."
22,West,Bed Headroom,Bad,Recommend to position the bed headroom facing - South,0,"Ensure there is a solid wall behind your headboard to provide support for the bed and maintain stable energy flow around it. For a commanding position, place your bed where you can see the bedroom door without being directly in line with it. This arrangement is believed to foster good Feng Shui, offering a sense of security and clear visibility."
23,North-East,Bed Headroom,Bad,Recommend to position the bed headroom facing - South,0,"Ensure there is a solid wall behind your headboard to provide support for the bed and maintain stable energy flow around it. For a commanding position, place your bed where you can see the bedroom door without being directly in line with it. This arrangement is believed to foster good Feng Shui, offering a sense of security and clear visibility."
24,South-West,Bed Headroom,Bad,Recommend to position the bed headroom facing - South,0,"Ensure there is a solid wall behind your headboard to provide support for the bed and maintain stable energy flow around it. For a commanding position, place your bed where you can see the bedroom door without being directly in line with it. This arrangement is believed to foster good Feng Shui, offering a sense of security and clear visibility."
25,South-East,Safe Box,Good,This is the recommended direction for the object. No action required from your side,1,"Include Feng Shui Wealth Items: Consider adding Feng Shui Chinese coin, gold towers, and other wealth symbols in your safe. Placing various foreign currencies can also attract wealth from all directions "
26,North,Safe Box,Bad,Recommend to position the safe box facing - South-East,0,"Include Feng Shui Wealth Items: Consider adding Feng Shui Chinese coin, gold towers, and other wealth symbols in your safe. Placing various foreign currencies can also attract wealth from all directions "
27,South,Safe Box,Bad,Recommend to position the safe box facing - South-East,0,"Include Feng Shui Wealth Items: Consider adding Feng Shui Chinese coin, gold towers, and other wealth symbols in your safe. Placing various foreign currencies can also attract wealth from all directions "
28,East,Safe Box,Bad,Recommend to position the safe box facing - South-East,0,"Include Feng Shui Wealth Items: Consider adding Feng Shui Chinese coin, gold towers, and other wealth symbols in your safe. Placing various foreign currencies can also attract wealth from all directions "
29,West,Safe Box,Bad,Recommend to position the safe box facing - South-East,0,"Include Feng Shui Wealth Items: Consider adding Feng Shui Chinese coin, gold towers, and other wealth symbols in your safe. Placing various foreign currencies can also attract wealth from all directions "
30,North-East,Safe Box,Bad,Recommend to position the safe box facing - South-East,0,"Include Feng Shui Wealth Items: Consider adding Feng Shui Chinese coin, gold towers, and other wealth symbols in your safe. Placing various foreign currencies can also attract wealth from all directions "
31,North-West,Safe Box,Bad,Recommend to position the safe box facing - South-East,0,"Include Feng Shui Wealth Items: Consider adding Feng Shui Chinese coin, gold towers, and other wealth symbols in your safe. Placing various foreign currencies can also attract wealth from all directions "
32,South-West,Safe Box,Bad,Recommend to position the safe box facing - South-East,0,"Include Feng Shui Wealth Items: Consider adding Feng Shui Chinese coin, gold towers, and other wealth symbols in your safe. Placing various foreign currencies can also attract wealth from all directions "
33,South-East,Crystals,Good,This is the recommended direction for the object. No action required from your side,1,"Crystal Grids: Create a crystal grid in your home by placing eight specially chosen crystals in a circle, pointing inwards, with a master crystal at the top. This setup is believed to ward off negative energy and enhance protection. Crystals like Clear Quartz, Amethyst, Black Obsidian, Hematite, Magnetite, Selenite, and Black Tourmaline are recommended for this purpose. Visualize the crystals being connected energetically and a protective shield around your home"
34,North,Crystals,Bad,Recommend to position the crystals facing - South-East,0,"Crystal Grids: Create a crystal grid in your home by placing eight specially chosen crystals in a circle, pointing inwards, with a master crystal at the top. This setup is believed to ward off negative energy and enhance protection. Crystals like Clear Quartz, Amethyst, Black Obsidian, Hematite, Magnetite, Selenite, and Black Tourmaline are recommended for this purpose. Visualize the crystals being connected energetically and a protective shield around your home"
35,South,Crystals,Bad,Recommend to position the crystals facing - South-East,0,"Crystal Grids: Create a crystal grid in your home by placing eight specially chosen crystals in a circle, pointing inwards, with a master crystal at the top. This setup is believed to ward off negative energy and enhance protection. Crystals like Clear Quartz, Amethyst, Black Obsidian, Hematite, Magnetite, Selenite, and Black Tourmaline are recommended for this purpose. Visualize the crystals being connected energetically and a protective shield around your home"
36,East,Crystals,Bad,Recommend to position the crystals facing - South-East,0,"Crystal Grids: Create a crystal grid in your home by placing eight specially chosen crystals in a circle, pointing inwards, with a master crystal at the top. This setup is believed to ward off negative energy and enhance protection. Crystals like Clear Quartz, Amethyst, Black Obsidian, Hematite, Magnetite, Selenite, and Black Tourmaline are recommended for this purpose. Visualize the crystals being connected energetically and a protective shield around your home"
37,West,Crystals,Bad,Recommend to position the crystals facing - South-East,0,"Crystal Grids: Create a crystal grid in your home by placing eight specially chosen crystals in a circle, pointing inwards, with a master crystal at the top. This setup is believed to ward off negative energy and enhance protection. Crystals like Clear Quartz, Amethyst, Black Obsidian, Hematite, Magnetite, Selenite, and Black Tourmaline are recommended for this purpose. Visualize the crystals being connected energetically and a protective shield around your home"
38,North-East,Crystals,Bad,Recommend to position the crystals facing - South-East,0,"Crystal Grids: Create a crystal grid in your home by placing eight specially chosen crystals in a circle, pointing inwards, with a master crystal at the top. This setup is believed to ward off negative energy and enhance protection. Crystals like Clear Quartz, Amethyst, Black Obsidian, Hematite, Magnetite, Selenite, and Black Tourmaline are recommended for this purpose. Visualize the crystals being connected energetically and a protective shield around your home"
39,North-West,Crystals,Bad,Recommend to position the crystals facing - South-East,0,"Crystal Grids: Create a crystal grid in your home by placing eight specially chosen crystals in a circle, pointing inwards, with a master crystal at the top. This setup is believed to ward off negative energy and enhance protection. Crystals like Clear Quartz, Amethyst, Black Obsidian, Hematite, Magnetite, Selenite, and Black Tourmaline are recommended for this purpose. Visualize the crystals being connected energetically and a protective shield around your home"
40,South-West,Crystals,Bad,Recommend to position the crystals facing - South-East,0,"Crystal Grids: Create a crystal grid in your home by placing eight specially chosen crystals in a circle, pointing inwards, with a master crystal at the top. This setup is believed to ward off negative energy and enhance protection. Crystals like Clear Quartz, Amethyst, Black Obsidian, Hematite, Magnetite, Selenite, and Black Tourmaline are recommended for this purpose. Visualize the crystals being connected energetically and a protective shield around your home"
41,South-East,Plant,Good,This is the recommended direction for the object. No action required from your side,1,Choose Healthy Plants: Ensure that the plants you select are healthy and thriving. Unhealthy and dying plants can create negative energy in your space. It's important to choose plant varieties that are well-suited to your home and the specific area where you plan to place them. This will help maintain a positive energy flow
42,East,Plant,Good,This is the recommended direction for the object. No action required from your side,1,Choose Healthy Plants: Ensure that the plants you select are healthy and thriving. Unhealthy and dying plants can create negative energy in your space. It's important to choose plant varieties that are well-suited to your home and the specific area where you plan to place them. This will help maintain a positive energy flow
43,South,Plant,Bad,Recommend to position the plant facing - South-East or East,0,Choose Healthy Plants: Ensure that the plants you select are healthy and thriving. Unhealthy and dying plants can create negative energy in your space. It's important to choose plant varieties that are well-suited to your home and the specific area where you plan to place them. This will help maintain a positive energy flow
44,North,Plant,Bad,Recommend to position the plant facing - South-East or East,0,Choose Healthy Plants: Ensure that the plants you select are healthy and thriving. Unhealthy and dying plants can create negative energy in your space. It's important to choose plant varieties that are well-suited to your home and the specific area where you plan to place them. This will help maintain a positive energy flow
45,West,Plant,Bad,Recommend to position the plant facing - South-East or East,0,Choose Healthy Plants: Ensure that the plants you select are healthy and thriving. Unhealthy and dying plants can create negative energy in your space. It's important to choose plant varieties that are well-suited to your home and the specific area where you plan to place them. This will help maintain a positive energy flow
46,North-East,Plant,Bad,Recommend to position the plant facing - South-East or East,0,Choose Healthy Plants: Ensure that the plants you select are healthy and thriving. Unhealthy and dying plants can create negative energy in your space. It's important to choose plant varieties that are well-suited to your home and the specific area where you plan to place them. This will help maintain a positive energy flow
47,North-West,Plant,Bad,Recommend to position the plant facing - South-East or East,0,Choose Healthy Plants: Ensure that the plants you select are healthy and thriving. Unhealthy and dying plants can create negative energy in your space. It's important to choose plant varieties that are well-suited to your home and the specific area where you plan to place them. This will help maintain a positive energy flow
48,South-West,Plant,Bad,Recommend to position the plant facing - South-East or East,0,Choose Healthy Plants: Ensure that the plants you select are healthy and thriving. Unhealthy and dying plants can create negative energy in your space. It's important to choose plant varieties that are well-suited to your home and the specific area where you plan to place them. This will help maintain a positive energy flow
49,Not Applicable,Sofa,Good,"Solid Wall Support: Ideally, the sofa should be placed against a solid wall for support and stability. This positioning provides a sense of security and grounding for those seated on the sofa. Avoid placing the sofa in the center of the room or floating in the middle of the space, as this can create a sense of instability and insecurity.",1,
50,Not Applicable,Table,Good,"Commanding Position: Similar to other furniture, tables should ideally be placed in a commanding position within the room. This means that when seated at or using the table, you should have a clear view of the entrance door without being directly in line with it. This positioning creates a sense of security and stability for those using the table.",1,
51,Not Applicable,Mirror,Good,"Commanding Position: Avoid placing mirrors directly facing the entrance door, as they can bounce energy back out of the room. Instead, position mirrors to the side of the entrance or in a way that allows you to see the door while seated.",1,
52,Not Applicable,Television,Good,"Commanding Position: Similar to other key pieces of furniture, such as sofas or beds, the television should ideally be placed in a commanding position within the room. This means that when seated to watch TV, you should have a clear view of the entrance door without being directly in line with it. This positioning creates a sense of security and stability for those watching TV.",1,
